{"minzoom":0,"maxzoom":12,"center":[135.74707,34.993996,12.0],"bounds":[124.072465,24.331234,145.637536,45.448609]}